tico;ppro;dpro;stat;desc;hist;autr;adrs;reg;dpt_lettre;commune;affe;wadrs;wcom;code_departement;ploc;dmaj;ref;insee;contact;sclx;coordonnees_ban
Ancienne église;Eglise (ancienne), y compris le clocher, la porte fortifiée des anciens remparts du Nord-Ouest et la croix en fer forgé à côté de cette porte : inscription par arrêté du 21 avril 1948;1948/04/21 : inscrit MH;"propriété de la commune ; propriété privée";;L'église fut consacrée par Dalmace, évêque de Narbonne, en 1088. Elle a été remplacée, probablement au 18e siècle, par une nouvelle église plus vaste, orientée sensiblement est-ouest. De l'ancien bâtiment est conservé le mur du fond qui supporte un clocher-mur, et une partie des murs latéraux, délimitant un vaste porche. Ces murs latéraux ont eux-mêmes été remontés en 1833, à la suite d'affaissements qui touchaient tout l'espace compris entre l'église et la terrasse du presbytère. La seule partie ancienne est donc le mur du clocher. Son élévation présente trois parties. A la base, jusqu'à mi-hauteur, le parement montre un appareil assez régulier, travaillé au marteau. Au-dessus, le mur a été surélevé, peut-être dans un dessein défensif, dans un appareil plus sommaire. Enfin, les arcades des cloches ont été construites en retrait, en moyen appareil, beaucoup plus tardivement. Le pignon supérieur est arrondi en forme de cloche. Il est peu probable que cette partie, qualifiée de romane, soit antérieure au 17e siècle. £Les fortifications sont mentionnées à partir de 1119. La porte fortifiée ne paraît pas être antérieure au 14e siècle. C'est une porte en arc brisé, constitué par 17 claveaux, dont une clef médiane. L'encadrement intérieur est chanfreiné. £La croix à proximité paraît dater de la Restauration. Socle carré, sans inscription, avec tablette moulurée. La croix est en fer forgé, constituée par deux fers qui se retournent pour former la traverse, sans s'entrecroiser à la croisée des bras. Cette partie est seulement entretoisée par des fers plus petits et par la torsade épineuse qui forme l'ornement central. Les extrémités sont trilobées. L'intérieur de ces trilobes est orné par des palmettes en tôle, avec volutes de base, esquissant une fleur de lys. Divers instruments de la Passion sont disposés entre les armatures : échelle, glaive, porte-éponge, tenailles, clous. Sur le haut de la croix est perché un coq en tôle.;;;Occitanie;Aude;Castelreng;;;Castelreng;11;Anciennement région de : Languedoc-Roussillon;2019-05-15;PA00102636;11078;mediatheque.patrimoine@culture.gouv.fr;"12e s.;13e s.;19e s.";43.02109,2.129608
Ancien hôtel de Tapié;Fenêtre d'angle sur Pla de Monlaur et sur la Descente (cad. D 679) : inscription par arrêté du 10 avril 1948;1948/04/10 : inscrit MH;propriété privée;;D'après les plans féodaux de la directe de l'abbaye, cet immeuble a appartenu, à partir de 1662, à la famille Tapié qui a eu plusieurs notables. La maison comportait l'habitation, l'étable, l'écurie, le jardin et un patu. En haut du pilastre d'angle se détache du mur un cartouche en relief, aux bords contournés et enroulés en volutes. Ce cartouche était probablement armorié. Au premier étage, la fenêtre d'angle s'ouvrait sur chaque façade par une baie à meneau horizontal. Seul le meneau de gauche subsiste. La pierre d'appui est moulurée : cavet, gorge, filet, larmier, listel, filet, boudin. La corniche, très saillante, comprend un larmier et une doucine. Les montants verticaux comportent une mouluration saillante, avec doucine, et deux plates-bandes. Les bases sont ornées de feuillages, dont certains contournés comme à l'époque flamboyante.;;;Occitanie;Aude;Caunes-Minervois;;;Caunes-Minervois;11;Anciennement région de : Languedoc-Roussillon;2019-05-15;PA00102644;11081;mediatheque.patrimoine@culture.gouv.fr;17e s.;43.338654,2.522329
Eglise Saint-Pierre;"Murs et voûtes de la nef et du sanctuaire ; sacristie et première chapelle au Sud ; pierres tombales de la famille de Siran ; modillons de la corniche extérieure de l'abside : inscription par arrêté du 27 avril 1948";1948/04/27 : inscrit MH;propriété de la commune;;L'église apparaît mentionnée dans les documents à partir de 1269. C'est un édifice roman à une nef, avec abside en cul de four, voûte en berceau sur la nef, datant probablement du 12e siècle. La sacristie actuelle est une chapelle ajoutée au 15e siècle. Deux autres chapelles ont été construites aux 15e et 16e siècles, au sud de la nef. L'ancien édifice avait un porche roman dont deux chapiteaux ont été inclus dans le clocher récent. En 1875, le conseil de Fabrique, constatant que l'église était trop petite pour les fidèles, demanda des crédits pour réaliser quatre chapelles, un baptistère et une tribune au fond de la nef ainsi qu'un clocher, l'église primitive n'en ayant pas. De nombreuses restaurations sont réalisées au 19e siècle à cause de la mauvaise assiette du terrain qui entraîne des tassements du sol et des mouvements de voûtes.;;;Occitanie;Aude;Cavanac;;;Cavanac;11;Anciennement région de : Languedoc-Roussillon;2019-11-05;PA00102648;11085;mediatheque.patrimoine@culture.gouv.fr;"12e s.;15e s.";43.167344,2.326089
Pont;Pont reliant le village à la R.N. 117 : inscription par arrêté du 14 avril 1948;1948/04/14 : inscrit MH;propriété de l'Etat;;La construction du pont doit être antérieure à 1603, date de sa restauration. Il s'agissait de reconstruire un pilier et l'arche du nord, avec une portée de 19 mètres. Il est probable que cette grande arche devait remplacer deux arches anciennes, de façon à améliorer le passage des eaux en temps de crue. Le pont est à trois arches inégales, la plus longue étant au nord. Piliers à éperons triangulaires. Les arches sont constituées par deux séries de voûtes. Une voûte inférieure, assez étroite, et qui correspond à l'ancienne largeur du passage. Des voûtes latérales, plus élevées, destinées à élargir le passage. Les voûtes et les murs sont entièrement en pierre d'appareil, avec voussoirs de tête beaucoup plus grand. Les voûtes latérales supérieures, visiblement plus récentes, comme le montrent leur patine et leur liaison anormale avec les éperons des piles, sont constituées par un appareil identique, avec cette différence que les parements des voussoirs de tête ont leurs joints ciselés.;;;Occitanie;Aude;Espéraza;;;Espéraza;11;Anciennement région de : Languedoc-Roussillon;2019-05-15;PA00102680;11129;mediatheque.patrimoine@culture.gouv.fr;;42.933529,2.219605
Ancienne église Notre-Dame-des-Vals;Eglise Notre-Dame-des-Vals (ancienne) (cad. A 373) : inscription par arrêté du 7 février 1951;1951/02/07 : inscrit MH;propriété privée;;Un monastère de religieuses aurait été consacré en cet endroit par saint Rustique au 5e siècle. Desiderata, seconde femme de Charlemagne, répudiée en 771, se serait réfugié à Las Vals. Quelques colonnettes regroupées dans une grotte par un particulier, auraient été découvertes sur place et témoigneraient du monastère disparu. Le premier document certain mentionnant Notre-Dame des Vals n'est pas antérieur à 1404. C'était alors l'église paroissiale, celle de Saint-Luc, construite dans le village, n'étant devenue paroissiale qu'à la fin du 16e siècle. L'édifice roman est à une nef, entièrement voûtée en berceau légèrement brisé, avec doubleaux. L'abside, semi-circulaire, est couverte en demi-coupole. Une série d'arcatures aveugles repose sur quatre lesennes. Ces arcatures sont sextuples. Les supports intermédiaires sont des consoles parfois sculptées ou simplement moulurées. Un second rouleau, formant décor polychrome, entoure chacune des arcatures, avec alternance d'un élément allongé, en lave noire, et d'un petit cube de brique rouge. Décor de type lombard. Contre la face nord a été édifiée une sorte de grotte contenant les quatre colonnettes qui proviendraient de l'ancien cloître. Trois de ces colonnettes sont gothiques, à feuillages à crochets. La quatrième, romane, placée au-dessus des autres, a son chapiteau orné de deux oiseaux affrontés.;;;Occitanie;Aude;Ginestas;;;Ginestas;11;Anciennement région de : Languedoc-Roussillon;2019-05-15;PA00102697;11164;mediatheque.patrimoine@culture.gouv.fr;"11e s.;12e s.";43.281344,2.884394
Ancien château;Tourelle (cad. A 27) : inscription par arrêté du 14 avril 1948;1948/04/14 : inscrit MH;propriété de la commune;;L'alleu de Lafage est cité en 960. Du château ruiné ne subsiste qu'une seule tourelle d'angle, acquise par la commune et transformée en réservoir d'eau. De plan circulaire, la construction est assez sommaire, avec seulement quelques assises de moyen appareil. Les amorces des courtines qui aboutissaient à la tour, en angle droit, se distinguent encore. Dans l'angle de ces murs, à la base de la tour, s'ouvrait la porte. L'appareil défensif se compose de six canonnières rectangulaires, inégalement réparties sur le pourtour et pratiquées à faible hauteur, ainsi que d'une bretèche. Au sommet, la corniche est profilée en quart-de-rond, entre deux filets. L'ancienne toiture a disparu. Il n'existe pas d'escalier intérieur.;;;Occitanie;Aude;Lafage;;;Lafage;11;Anciennement région de : Languedoc-Roussillon;2019-05-15;PA00102709;11184;mediatheque.patrimoine@culture.gouv.fr;16e s.;43.163531,1.870848
Eglise Notre-Dame-de-Marceille;Eglise Notre-Dame-de-Marceille (cad. E 735) : inscription par arrêté du 27 septembre 1948;1948/09/27 : inscrit MH;propriété d'une société privée;;"L'église est citée en 1214. Il s'agissait d'une simple église rurale votive, avec prieuré uni d'abord au collège de Narbonne, à Paris, puis à celui des Doctrinaires de Limoux. La renommée de ce pèlerinage était due à l'existence d'une source voisine, réputée miraculeuse. Il s'agit d'un grand édifice rectangulaire à nef unique de cinq travées, séparées par des arcs doubleaux reposant sur des piliers peu saillants, avec dosserets. Plafonds voûtés modernes. Sanctuaire pentagonal étroit, encadré par deux absidioles également pentagonales. De part et d'autre de la première travée, deux chapelles latérales forment transept. Y sont suspendus de nombreux ex-votos. La tourelle-clocher s'élève au sud de la seconde travée à partir du choeur. Cette tourelle octogonale a été en grande partie reconstruite en 1885. Le porche présente un caractère monumental. Les piédroits de l'entrée extérieure se composent d'une série de boudins de diamètres inégaux, tous profilés en amande avec avant-bec méplat, et disposés suivant un double ébrasement. Les colonnettes possèdent des chapiteaux à bouquets de feuillage sur deux rangs. La porte qui s'ouvre sur la nef est séparée en deux parties par un trumeau orné d'une statue de la Vierge. Au revers, dans la nef, il porte un cartouche avec l'inscription ""Mater et Virgo"". Les longues fenêtres du sanctuaire sont à deux formes, séparées par un meneau très délié. Chaque forme tréflée est surmontée par un trilobe et un quatre-feuilles occupe la pointe. La rosace sud est composée de six quatre-feuilles entourant un quatre-feuilles qui occupe le centre. Les six écoinçons sont vidés et garnis de vitraux.";;;Occitanie;Aude;Limoux;;;Limoux;11;Anciennement région de : Languedoc-Roussillon;2019-05-15;PA00102747;11206;mediatheque.patrimoine@culture.gouv.fr;"14e s.;19e s.";43.051111,2.239081
Vestiges de l'oppidum de Cayla;"Parcelle contenant des vestiges antiques de l'oppidum (cad. C 259) : classement par arrêté du 6 novembre 1961 ; Deux portions de terrains, délimités en rouge sur le plan de bornage, contenant une partie des vestiges antiques de l'oppidum (cad. C 596) : classement par arrêté du 21 novembre 1960 ; Parcelles contenant des vestiges de l'oppidum (cad. C 252, 254, 255, 257, 258, 260 à 271, 595) : classement par arrêté du 23 novembre 1960";"1961/11/06 : classé MH ; 1960/11/21 : classé MH ; 1960/11/23 : classé MH";;;;;;Occitanie;Aude;Mailhac;;;Mailhac;11;Anciennement région de : Languedoc-Roussillon;2019-05-15;PA00102755;11212;mediatheque.patrimoine@culture.gouv.fr;"Age du bronze final;Age du fer 1;Age du fer 2;Gallo-romain";43.309296,2.833024
Chapelle Notre-Dame-de-Colombier;Chapelle Notre-Dame-de-Colombier : classement par arrêté du 26 juin 1950;1950/06/26 : classé MH;propriété de la commune;;L'édifice comprend une abside voûtée en cul de four, deux transepts et une nef de trois travées, voûtés en berceau, un clocher au sud et un porche au nord donnant dans le cimetière. Cette chapelle est le vestige d'un prieuré du 12e siècle. L'ensemble peut-être dater du 11e siècle, sauf le porche nord qui paraît dater de la fin du 12e siècle. A l'extérieur, l'abside et les transepts sont décorés de bandes lombardes. Les arcs des fenêtres sont surmontés d'un deuxième arc plus étroit. Il en est de même pour les arcatures qui décorent l'abside et les transepts, en grande partie en tuf. Elles reposent de deux en deux sur des piles, l'appui intermédiaire étant constitué par des corbeaux décorés de figures ou de dessins géométriques. Le clocher semble avoir été partiellement repris, sans doute au 12e siècle ou postérieurement, notamment l'arc de la tête de voûte inférieure et le dernier étage, comme semble l'indiquer le changement d'appareil. La partie supérieure des façades de la nef conserve la trace de la surélévation réalisée lorsque la tuile creuse a remplacé la lauze.;;;Occitanie;Aude;Montbrun-des-Corbières;;;Montbrun-des-Corbières;11;Anciennement région de : Languedoc-Roussillon;2019-05-15;PA00102776;11241;mediatheque.patrimoine@culture.gouv.fr;"12e s.;15e s.";43.204377,2.679636
Maison romane;Façade sur rue : inscription par arrêté du 21 septembre 1934;1934/09/21 : inscrit MH;propriété privée;;La façade, entièrement en pierre de taille, comporte un rez-de-chaussée et un premier étage, séparés par un bandeau mouluré, ainsi qu'un deuxième étage bas formant grenier. Le rez-de-chaussée comportait une série d'arceaux à grands claveaux dont deux seuls sont ouverts actuellement. Le premier étage comportait une fenêtre à trois arcatures et deux colonnes intermédiaires, et une fenêtre à une seule arcature. Ce qu'on aperçoit des profils au premier étage paraît du 13e siècle.;;Marceau (rue) 20;Occitanie;Aude;Narbonne;;20 rue Marceau;Narbonne;11;Anciennement région de : Languedoc-Roussillon;2019-05-15;PA00102830;11262;mediatheque.patrimoine@culture.gouv.fr;13e s.;43.182501,3.001044
Maison;La façade sur rue (cad. AB 146) : inscription par arrêté du 19 décembre 1946, radié de l'inscription au titre des monuments historiques par arrêté du 30 janvier 2012;;propriété de la commune;;Le compoix de 1696 (île Saint-Crépin) situe à cet endroit la maison de Gabriel Loys, chanoine de Saint-Paul. Vers 1780, les religieux de Fontfroide figurent comme propriétaires. Il semble que la maison n'existait pas en 1576. Les façades présentaient de larges surfaces de parement en moellons taillés. Le premier étage s'ouvrait par deux grandes fenêtres rectangulaires, divisées en deux parties par un meneau vertical en bois. L'encadrement était formé de claveaux à bossages alternés, dits bossages en trémie, particulièrement fréquents à Narbonne au 17e siècle. : les claveaux longs offraient une forte saillie plane dont le contour rectangulaire était souligné par une profonde rainure. Les claveaux courts faisaient une saillie égale mais dont la surface était réduite à un petit carré, raccordé à la surface de fond par quatre onglets cylindriques concaves. L'encadrement supérieur, appareillé en plate-bande, présentait la même disposition que les jambages, à cela près que les rectangles y devenaient des trapèzes suivant l'oblique des joints. Edifice détruit en 1976 au profit du parking.;;Parmentier (rue) 16;Occitanie;Aude;Narbonne;;16 rue Parmentier;Narbonne;11;Anciennement région de : Languedoc-Roussillon;2019-05-15;PA00102833;11262;mediatheque.patrimoine@culture.gouv.fr;17e s.;43.18329,3.001061
Château de Celeyran;Pierre avec inscription gallo-romaine incrustée dans le mur Sud du chevet de la chapelle : classement par arrêté du 6 novembre 1952;1952/11/06 : classé MH;propriété privée;;;;;Occitanie;Aude;Salles-d'Aude;;;Salles-d'Aude;11;Anciennement région de : Languedoc-Roussillon;2019-05-15;PA00102899;11370;mediatheque.patrimoine@culture.gouv.fr;Gallo-romain;43.228865,3.105517
Croix de chemin en pierre;Croix de chemin en pierre du 16e siècle : classement par arrêté du 2 juillet 1911;1911/07/02 : classé MH;propriété de la commune;;"Croix en grès présentant une composition avec, au centre, dans un écusson, un cerf (armes des seigneurs de Serviès) ; au revers, une main bénissant.";;;Occitanie;Aude;Serviès-en-Val;;;Serviès-en-Val;11;Anciennement région de : Languedoc-Roussillon;2019-05-15;PA00102904;11378;mediatheque.patrimoine@culture.gouv.fr;16e s.;43.094522,2.521475
Grand Temple;Le grand Temple (cad. AE 110) : classement par arrêté du 18 juin 1979;1979/06/18 : classé MH;propriété de la commune;;C'est par Anduze, lieu de passage entre les Cévennes et la plaine, que passaient de nombreux missionnaires venus distribuer les écrits de la Réforme. Dès 1540, la population est en lutte contre son clergé. En 1545, les barons d'Anduze se convertissent au protestantisme. A cette époque, la presque totalité de la population est devenue protestante. L'église de la réforme est créée en 1560. En 1567, les premiers cultes ont lieu dans la maison consulaire, rue Notarié. En 1590, ce local est agrandi. En 1602, construction du premier temple sur l'emplacement de l'église. En 1686, ce temple est détruit sur ordre du roi. Au début du 19e siècle, un nouveau temple est en construction sur l'emplacement des casernes bâties en 1740. Il s'écroule en 1812. Le temple actuel, situé sur le même emplacement que le précédent, a été construit de 1818 à 1823. Le clocher date de 1883. Ce temple est l'un des plus importants du département et occupe une place très importante dans l'histoire du protestantisme dans le Midi de la France. Le temple s'ouvre sur la place principale. Sa façade, aveugle, est rythmée de pilastres et précédée d'un porche constitué par une colonnade surmontée d'un fronton triangulaire. Son plan est rectangulaire. La nef est couverte par trois voûtes dont les arêtes retombent sur six gros piliers carrés. Les bas-côtés sont surmontés de tribunes largement ouvertes sur la nef.;Grulet (ingénieur militaire);;Occitanie;Gard;Anduze;;;Anduze;30;Anciennement région de : Languedoc-Roussillon;2019-11-05;PA00102954;30010;mediatheque.patrimoine@culture.gouv.fr;19e s.;44.053864,3.979121
Immeuble, ancien couvent des Cordeliers;L'ancien portail du couvent, en totalité (cad. AY 194) : classement par arrêté du 17 février 2006;2006/02/17 : classé MH;propriété privée;;La porte de l'ancien couvent des Cordeliers a été transférée en ville. Elle est encadrée de deux pilastres ioniques portant un entablement dont la frise est ornée de rinceaux. La clé de la plate bande formant linteau garde la trace d'un écusson porté par deux amours et couronné d'un masque et de feuillage. Au-dessus de l'entablement est creusée une niche surmontée d'une urne, accolée de consoles et de deux pots de fleurs ornés de têtes d'amours et de draperies. Un oeil de boeuf elliptique est percé au-dessus de chaque pot de fleur.;;Eugène-Vigne (rue) 22, anciennement 26;Occitanie;Gard;Beaucaire;;26 rue Eugène-Vigne;Beaucaire;30;Anciennement région de : Languedoc-Roussillon;2019-11-05;PA00102990;30032;mediatheque.patrimoine@culture.gouv.fr;16e s.;43.806502,4.645602
Maison;Façade et toiture sur la place de la République : inscription par arrêté du 12 octobre 1946;1946/10/12 : inscrit MH;propriété privée;;;;Bijoutiers (rue des) 11;Occitanie;Gard;Beaucaire;;11 rue des Bijoutiers;Beaucaire;30;Anciennement région de : Languedoc-Roussillon;2019-05-15;PA00103005;30032;mediatheque.patrimoine@culture.gouv.fr;;43.807865,4.645834
Ancien prieuré Notre-Dame de Relay;L'ancienne église et le portail (cad. A 319) : inscription par arrêté du 7 août 1930;1930/08/07 : inscrit MH;propriété privée;;Prieuré fondé vers 1100, qui dépendait de l'abbaye de Fontevrault, et dont les bâtiments existent encore en partie, transformés en habitations ou granges. L'accès se fait par un portail du début du 17e siècle qui se compose d'une arcade en plein cintre encadrée de pilastres doriques à bossages arrondis exagérément saillants, supportant un entablement à fronton circulaire coupé, encadrant un grand cartouche accompagné de palmes. A l'ouest du cloître, un long bâtiment construit au 16e siècle comprenait les cellules et se continuait au nord jusqu'à un bâtiment affecté aux cuisines. La partie nord de cette aile a disparu. De l'aile sud ne subsiste que la partie occidentale. Fuye cylindrique du 16e siècle.;;;Centre-Val de Loire;Indre-et-Loire;Pont-de-Ruan;;;Pont-de-Ruan;37;Anciennement région de : Centre;2019-11-05;PA00097918;37186;mediatheque.patrimoine@culture.gouv.fr;"12e s.;16e s.";47.260245,0.565673
Manoir de Vonnes, ou Vonne (ancien prieuré);Manoir de Vonnes et ses intérieurs (cad. A 134) : classement par arrêté du 4 février 1943;1943/02/04 : classé MH;propriété privée;;Balzac le décrit sous le nom de Clochegourde dans Le Lys dans la Vallée. Intéressant exemple d'architecture du début du 17e siècle, construit vers 1615 par Horace Desjardins, maire de Tours, l'édifice se compose d'un corps de bâtiment flanqué de deux ailes peu saillantes sur chacune des faces principales, le tout ne comportant qu'un rez-de-chaussée. Au-dessus d'une corniche rectangulaire s'élèvent, en avant d'un haut comble, d'importantes lucarnes, celles du côté nord accolées de consoles à larges feuilles d'acanthe, et couronnées d'un fronton coupé encadrant un fleuron.;;;Centre-Val de Loire;Indre-et-Loire;Pont-de-Ruan;;;Pont-de-Ruan;37;Anciennement région de : Centre;2019-11-05;PA00097920;37186;mediatheque.patrimoine@culture.gouv.fr;17e s.;47.260245,0.565673
Château des Lions;"Chapelle (ancienne église Sainte-Mélanie) : inscription par arrêté du 12 mai 1927 ; Les façades et toitures de l'ancienne poterne (cad. B 129) : inscription par arrêté du 27 octobre 1971";"1927/05/12 : inscrit MH ; 1971/10/27 : inscrit MH";propriété d'une société privée;;Le domaine de Preuilly était considéré comme la première baronnie de Touraine. En 930, le vicomte Atton, premier seigneur connu, y construisit un château, appelé château du Lion, qui fut détruit en 1130. Au 14e siècle, la forteresse soutint plusieurs sièges contre les Anglais qui s'en emparèrent et la démantelèrent. Le château est restauré vers 1422 par Pierre Frottier, auquel Charles VII confia l'éducation de sa fille Jeanne, qu'il eut d'Agnès Sorel. Les dernières réparations furent faites au début du 17e siècle. A partir de 1650, les barons établirent leur résidence à Azay-le-Ferron, et abandonnèrent définitivement leur château de Preuilly. Au sud, une porte féodale en berceau est accompagnée d'une tour ronde et d'un petit logis couvert en pavillon, qui servaient de premières défenses à la forteresse. Le rez-de-chaussée de la tour devait servir de prison. Un mur d'enceinte encercle le domaine.;;;Centre-Val de Loire;Indre-et-Loire;Preuilly-sur-Claise;;;Preuilly-sur-Claise;37;Anciennement région de : Centre;2019-04-03;PA00097923;37189;mediatheque.patrimoine@culture.gouv.fr;"14e s.;15e s.";46.853806,0.931553
Manoir de la Rabaterie;Les façades, les toitures et la tour d'escalier (cad. AO 153, 357, 432, 433) : inscription par arrêté du 22 mai 1948;1948/05/22 : inscrit MH;propriété privée;;Cette habitation de la fin du 15e siècle passe pour avoir été celle d'Olivier le Daim, dit Necker. Le manoir se compose d'un bâtiment et de deux ailes inégales en retour d'équerre vers l'ouest. La façade occidentale est divisée par une haute tour carrée contenant l'escalier en vis, et dont la corniche est au niveau du faîte de la toiture.;;Saint-François (rue) 75 à 81;Centre-Val de Loire;Indre-et-Loire;Riche (La);;75 à 81 rue Saint-François;La Riche;37;Anciennement région de : Centre;2019-11-05;PA00097943;37195;mediatheque.patrimoine@culture.gouv.fr;15e s.;47.385712,0.665962
Maison;"Façade et toiture du n° 1, place du Marché (Hôtel de Ville) : inscription par arrêté du 9 juin 1932 ; Façades et toitures du corps de logis principal (à l'exception de l'adjonction moderne accolée à la façade sur cour du bâtiment donnant sur la place du Marché) ; escalier en bois conservé à partir du premier étage et jusqu'aux combles, situé dans l'aile Nord en retour d'équerre du corps de logis principal ; combles (cad. C 215 (lot 1) , 216 217) : inscription par arrêté du 26 novembre 1991";"1932/06/09 : inscrit MH ; 1991/11/26 : inscrit MH";"propriété de la commune ; propriété privée";;Le cardinal de Richelieu décida de transformer le village où il était né en une ville dont les plans furent tracés par l'architecte du château, Jacques Lemercier. La ville présente un plan régulier, avec fossés, mur d'enceinte, portes monumentales, rues symétriques et maisons alignées.;;"Marché (place du) 1 ; Grande-Rue () 1bis";Centre-Val de Loire;Indre-et-Loire;Richelieu;;"1 place du Marché ; Grande-Rue 1bis";Richelieu;37;Anciennement région de : Centre;2019-04-03;PA00097950;37196;mediatheque.patrimoine@culture.gouv.fr;17e s.;47.012694,0.324378
Maison;"Façade et toiture (sur rue) : inscription par arrêté du 9 juin 1932 ; Façade Ouest sur cour du corps de logis principal et de l'aile en retour d'équerre ; inscription rapportée dans le porche du corps de logis principal ; inscription rapportée de la porte de l'escalier située dans le porche du corps de logis principal (cad. C 241, 242) : inscription par arrêté du 5 mars 1992";"1932/06/09 : inscrit MH ; 1992/03/05 : inscrit MH";propriété privée;;Le cardinal de Richelieu décida de transformer le village où il était né en une ville dont les plans furent tracés par l'architecte du château, Jacques Lemercier. La ville présente un plan régulier, avec fossés, mur d'enceinte, portes monumentales, rues symétriques et maisons alignées.;;Grande-Rue () 7;Centre-Val de Loire;Indre-et-Loire;Richelieu;;Grande-Rue 7;Richelieu;37;Anciennement région de : Centre;2019-11-05;PA00097962;37196;mediatheque.patrimoine@culture.gouv.fr;17e s.;47.013985,0.323846
Maison;"La facade et la toiture sur rue : inscription par arrêté du 9 juin 1932 - Les façades et les toitures sur cour du corps de logis et de l'aile nord d'origine, en retour d'équerre ; le porche traversant le corps de logis principal ; le comble situé dans le corps de logis principal et sa cheminée en pierre ; la cour intérieure (cad. C 733, 1010, 1012) : inscription par arrêté du 8 juin 2004";"1932/06/09 : inscrit MH ; 2004/06/08 : inscrit MH";propriété privée;;Le cardinal de Richelieu décida de transformer le village où il était né en une ville dont les plans furent tracés par l'architecte du château, Jacques Lemercier. La ville présente un plan régulier, avec fossés, mur d'enceinte, portes monumentales, rues symétriques et maisons alignées.;;Grande-Rue () 15;Centre-Val de Loire;Indre-et-Loire;Richelieu;;Grande-Rue 15;Richelieu;37;Anciennement région de : Centre;2019-11-05;PA00097970;37196;mediatheque.patrimoine@culture.gouv.fr;17e s.;47.013985,0.323846
Maison;Façade et toiture : inscription par arrêté du 9 juin 1932;1932/06/09 : inscrit MH;propriété privée;;Le cardinal de Richelieu décida de transformer le village où il était né en une ville dont les plans furent tracés par l'architecte du château, Jacques Lemercier. La ville présente un plan régulier, avec fossés, mur d'enceinte, portes monumentales, rues symétriques et maisons alignées.;;Marché (place du) 6;Centre-Val de Loire;Indre-et-Loire;Richelieu;;6 place du Marché;Richelieu;37;Anciennement région de : Centre;2019-11-05;PA00097989;37196;mediatheque.patrimoine@culture.gouv.fr;;47.012631,0.323716
Maison;Façade et toiture : inscription par arrêté du 9 juin 1932;1932/06/09 : inscrit MH;propriété privée;;Le cardinal de Richelieu décida de transformer le village où il était né en une ville dont les plans furent tracés par l'architecte du château, Jacques Lemercier. La ville présente un plan régulier, avec fossés, mur d'enceinte, portes monumentales, rues symétriques et maisons alignées.;;Marché (place du) 21;Centre-Val de Loire;Indre-et-Loire;Richelieu;;21 place du Marché;Richelieu;37;Anciennement région de : Centre;2019-11-05;PA00097999;37196;mediatheque.patrimoine@culture.gouv.fr;;47.012042,0.324651
Maison;Façade et toiture : inscription par arrêté du 9 juin 1932;1932/06/09 : inscrit MH;propriété privée;;Le cardinal de Richelieu décida de transformer le village où il était né en une ville dont les plans furent tracés par l'architecte du château, Jacques Lemercier. La ville présente un plan régulier, avec fossés, mur d'enceinte, portes monumentales, rues symétriques et maisons alignées.;;Marché (place du) 27;Centre-Val de Loire;Indre-et-Loire;Richelieu;;27 place du Marché;Richelieu;37;Anciennement région de : Centre;2019-11-05;PA00098003;37196;mediatheque.patrimoine@culture.gouv.fr;;47.011949,0.324444
Maison;Façade et toiture : inscription par arrêté du 9 juin 1932;1932/06/09 : inscrit MH;propriété privée;;Le cardinal de Richelieu décida de transformer le village où il était né en une ville dont les plans furent tracés par l'architecte du château, Jacques Lemercier. La ville présente un plan régulier, avec fossés, mur d'enceinte, portes monumentales, rues symétriques et maisons alignées.;;Religieuses (place des) 17;Centre-Val de Loire;Indre-et-Loire;Richelieu;;17 place des Religieuses;Richelieu;37;Anciennement région de : Centre;2019-11-05;PA00098018;37196;mediatheque.patrimoine@culture.gouv.fr;;47.015464,0.324168
Maison;Façade et toitures : inscription par arrêté du 9 juin 1932;1932/06/09 : inscrit MH;propriété privée;;;;Religieuses (place des) 38;Centre-Val de Loire;Indre-et-Loire;Richelieu;;38 place des Religieuses;Richelieu;37;Anciennement région de : Centre;2019-04-03;PA00098033;37196;mediatheque.patrimoine@culture.gouv.fr;;47.016054,0.323281
Chapelle troglodyte;Chapelle troglodyte (cad. AT 505) : inscription par arrêté du 16 mai 1972;1972/05/16 : inscrit MH;propriété privée;;Avant la Révolution, l'ensemble appartenait au chapitre de Tours. Un porche de pierre décoré d'un large chanfrein du 15e siècle, donne accès à un ensemble troglodyte. Une longue galerie taillée dans le roc mène à la chapelle dont le mur latéral droit est le seul en maçonnerie. Il est percé de plusieurs fenêtres des 14e et 15e siècles, d'un oculus, de deux petites fenêtres à arc surbaissé, et d'une en ogive à remplage trilobé. La porte se place sous un grand arc surbaissé dominant deux fenêtres quasi jumelles à linteau arrondi et chanfrein. A l'intérieur, le retable de la fin de la Renaissance a été construit en pierre de taille. La place de l'autel est marquée par un creux. Une porte à chanfrein et arc surbaissé donne sur une pièce réduite taillée dans le roc. La voûte de la chapelle est également taillée dans le roc.;;;Centre-Val de Loire;Indre-et-Loire;Rochecorbon;;;Rochecorbon;37;Anciennement région de : Centre;2019-11-05;PA00098041;37203;mediatheque.patrimoine@culture.gouv.fr;14e s.;47.414882,0.755754
Château de l'Olivier;La grille d'entrée en fer forgé : inscription par arrêté du 20 septembre 1946;1946/09/20 : inscrit MH;propriété privée;;En 1780, l'édifice comportait un rez-de-chaussée et un comble. Il fut surélevé d'un étage en 1890. La grille donnant accès au parc est l'ancienne grille du potager de Chanteloup, vendue à la Révolution. La façade est un dernier rappel de l'ordre colossal, son milieu à peine saillant marqué par deux effets de pilastres plats à l'aplomb du fronton. A l'ouest, le commun est un bâtiment du 18e siècle. A l'est du manoir, les terrasses s'étagent au-dessus des jardins. Cette demeure est, en Touraine, l'un des rares spécimens de construction de la fin du 18e siècle.;;;Centre-Val de Loire;Indre-et-Loire;Rochecorbon;;;Rochecorbon;37;Anciennement région de : Centre;2019-11-05;PA00098042;37203;mediatheque.patrimoine@culture.gouv.fr;"18e s.;19e s.";47.414882,0.755754
Ancienne auberge à pans de bois;Les façades et les toitures (cad. AX 86) : inscription par arrêté du 16 mai 1972;1972/05/16 : inscrit MH;propriété privée;;Maison présente une façade sur rue à pans de bois dont l'encorbellement est soutenu par des solives en bout taillées en corbeaux en quart de rond. Au premier étage, trois fenêtres sont à meneaux de bois. Perron de pierre à double rampe. Au rez-de-chaussée, deux salles étaient chauffées par des cheminées à hotte moulurées qui ont été vendues dans la première moitié du 20e siècle.;;;Centre-Val de Loire;Indre-et-Loire;Saché;;;Saché;37;Anciennement région de : Centre;2019-11-05;PA00098050;37205;mediatheque.patrimoine@culture.gouv.fr;15e s.;47.238144,0.533189
La Gruette;"La façade sur cour fermée et la toiture correspondante ; les murs de clôture entourant la cour ; le sol de la cour ; la chapelle (cad. E 1639, 1725 à 1731, 1731bis, 1732p, 1733p) : classement par arrêté du 14 juin 1961";1961/06/14 : classé MH;propriété privée;;"Tours connut, au 18e siècle, une certaine prospérité qui se manifesta par la construction de grands ensembles dans la ville et plusieurs demeures aux environs immédiats. Cette maison est l'une d'elles, construite par Audebert Cartier, menuisier du duc de Choiseul, au milieu d'une closerie antérieure à l'édifice. La gentilhommière, type parfait de la villa du 18e siècle, a l'aspect d'une ""folie"" Louis XV. La façade sud est encadrée de deux petits corps de bâtiments latéraux plus bas. Un fronton en tympan, orné d'un oeil de boeuf, et quatre lucarnes éclairent le premier étage. Le rez-de-chaussée compte cinq pièces en enfilade. Les boiseries sont d'époque. A l'extérieur, une grille subsiste, encadrée de deux piliers aux corbeilles de fruits, et précède ce qui reste de trois cabinets de verdure en charmille. Au sud-est se trouve la chapelle.";;;Centre-Val de Loire;Indre-et-Loire;Saint-Cyr-sur-Loire;;;Saint-Cyr-sur-Loire;37;Anciennement région de : Centre;2019-11-05;PA00098069;37214;mediatheque.patrimoine@culture.gouv.fr;18e s.;47.41466,0.657963
Eglise paroissiale Saint-Germain;Eglise : classement par arrêté du 8 juin 1908;1908/06/08 : classé MH;propriété de la commune;;Cette église est couverte d'une exceptionnelle voûte en berceau brisé nervuré à lunettes sur un côté.;;;Centre-Val de Loire;Indre-et-Loire;Saint-Germain-sur-Vienne;;;Saint-Germain-sur-Vienne;37;Anciennement région de : Centre;2019-04-03;PA00098077;37220;mediatheque.patrimoine@culture.gouv.fr;13e s.;47.180823,0.106972
Le Vieux Château;Les façades et toitures du châtelet (cad. F 51) : inscription par arrêté du 18 avril 1973;1973/04/18 : inscrit MH;propriété privée;;Le château de Saint-Michel est construit au sommet du coteau qui surplombe la rive droite de la Loire, sur un site en éperon barré. Par comparaison avec le château tout proche de Planchoury, on le surnomme le Vieux Château. Le domaine a appartenu à Yolande d'Aragon, reine de Naples, qui le revendit à Jean IV de Bueil. La famille d'Espinay le vendit ensuite à Charles d'Albert, duc de Luynes. Dans les années 1920, il appartenait au sénateur Germain qui y effectua quelques modifications et fit construire l'aile est néogothique flanquant le châtelet d'entrée. On ne reconnaît plus grand chose de l'édifice représenté par Gaignières en 1699 : subsistent aujourd'hui le châtelet d'entrée édifié au 15e siècle et son escalier en vis hors-oeuvre qui dessert également l'aile moderne rajoutée dans les années 20, une grange à pignon en rondelis située à l'ouest, la base voûtée d'une tour de défense quadrangulaire et une partie du mur d'enceinte d'origine. Ce mur est reconnaissable à l'est du châtelet et plusieurs constructions sont venues s'y accoler, en particulier l'aile moderne. On le retrouve également à l'extrémité du coteau dont il contient en partie la poussée. Une poterne permet de protéger l'escalier d'accès au bas de ce mur. Les autres portions de murs sont plus récentes. La tempête de Noël 1999 a accéléré la rupture de la maçonnerie qui a cédé sous la poussée des terres et provoqué une faille importante à cet emplacement. Un couloir souterrain incliné, voûté d'un berceau brisé, conduit à une salle rectangulaire couverte en berceau cintré soutenu par deux gros doubleaux. La destination de cette salle n'est pas connue.;;Langeais (route de) 2;Centre-Val de Loire;Indre-et-Loire;Saint-Michel-sur-Loire;;2 route de Langeais;Saint-Michel-sur-Loire;37;Anciennement région de : Centre;2019-11-05;PA00098090;37227;mediatheque.patrimoine@culture.gouv.fr;15e s.;47.30728,0.349343
Eglise Saint-Antoine;Clocher (cad. L 189) : inscription par arrêté du 1er avril 1959;1959/04/01 : inscrit MH;propriété de la commune;;D'une église primitive datant du 9e ou 10e siècle, subsiste le mur de chevet du choeur, en petit appareil. La nef, reconstruite au 12e siècle, a été restaurée et couverte d'une charpente avec lambris moderne. Elle aboutit à un choeur carré, voûté sur croisée d'ogives. Au 16e siècle, la nef a été doublée d'un collatéral avec lequel elle communique par trois arcades en arc brisé. Les trois travées sont voûtées en croisées d'ogives dont les clés armoriées ont été bûchées. Ce bas-côté aboutit à une chapelle latérale au choeur. Ce dernier est flanqué, au sud, d'un clocher dont la partie supérieure a été refaite au 16e siècle. La salle du rez-de-chaussée est voûtée sur une croisée d'ogives moulurées d'un tore et retombant sur des culots décorés de figures humaines.;;;Centre-Val de Loire;Indre-et-Loire;Thilouze;;;Thilouze;37;Anciennement région de : Centre;2019-04-03;PA00098126;37257;mediatheque.patrimoine@culture.gouv.fr;;47.218706,0.600982
Hôtel Cottereau;Le vestibule d'entrée avec sa porte sur cour et le portique attenant : inscription par arrêté du 13 juillet 1926;1926/07/13 : inscrit MH;propriété privée;;Hôtel Renaissance construit au 15e siècle et agrandi au 16e. Le vestibule d'entrée présente un plafond de pierre sculpté d'époque François Ier. Au fond du vestibule, ouvrant sur la cour, la porte est de la même époque, encadrée de deux pilastres avec chapiteaux sculptés. A la partie supérieure se trouve un tympan triangulaire orné d'arabesques. Au centre de ce tympan se détache un buste d'homme, sans doute un membre de la famille Cottereau qui donna plusieurs maires à la ville.;;Trois-Ecritoires (rue des) 7;Centre-Val de Loire;Indre-et-Loire;Tours;;7 rue des Trois-Ecritoires;Tours;37;Anciennement région de : Centre;2019-04-03;PA00098167;37261;mediatheque.patrimoine@culture.gouv.fr;16e s.;47.392861,0.680206
Ancienne maison canoniale;La façade et la toiture de l'ancien oratoire (cad. CH) : inscription par arrêté du 23 août 1946;1946/08/23 : inscrit MH;propriété d'un établissement public communal;;Petit oratoire de la maison canoniale, converti en habitation. La façade est précédée d'un escalier moderne. La salle de l'étage supérieur est couverte du berceau de bois en arc brisé.;;"Manceau (rue) 3 ; anciennement 5";Centre-Val de Loire;Indre-et-Loire;Tours;;"3 rue Manceau ; anciennement 5";Tours;37;Anciennement région de : Centre;2019-04-03;PA00098201;37261;mediatheque.patrimoine@culture.gouv.fr;15e s.;47.39553,0.695965
Maison;La porte d'entrée et la rampe d'escalier (cad. DX 192) : inscription par arrêté du 8 juillet 1946;1946/07/08 : inscrit MH;propriété privée;;Porte à vantail unique, divisé en six panneaux. Le panneau médian supérieur est décoré d'un motif sculpté avec palmettes et volutes. La rampe en fer forgé présente un départ orné de volutes.;;Cygne (rue du) 29;Centre-Val de Loire;Indre-et-Loire;Tours;;29 rue du Cygne;Tours;37;Anciennement région de : Centre;2019-04-03;PA00098225;37261;mediatheque.patrimoine@culture.gouv.fr;16e s.;47.39513,0.691131
Eglise paroissiale Saint-Hilaire;Eglise (cad. B 297) : inscription par arrêté du 18 juin 1962;1962/06/18 : inscrit MH;propriété de la commune;;La nef romane est accompagnée, au nord, par un collatéral du 17e siècle. Elle est continuée par une travée du 12e siècle sous le clocher, couverte d'une voûte du 15e siècle. Le choeur à chevet plat date du 15e siècle et est couvert d'une voûte en berceau moderne. Au nord du choeur se trouve la chapelle seigneuriale de la fin du 15e ou du début du 16e siècle. Le clocher est une grosse tour carrée romane dont la face orientale a été reconstruite au 15e siècle.;;;Centre-Val de Loire;Indre-et-Loire;Verneuil-le-Château;;;Verneuil-le-Château;37;Anciennement région de : Centre;2019-04-03;PA00098278;37268;mediatheque.patrimoine@culture.gouv.fr;"12e s.;15e s.;17e s.";47.043791,0.458364
Manoir du Clos de Pouvray;Ensemble des façades et des toitures (cad. D 953) : inscription par arrêté du 1er juin 1964;1964/06/01 : inscrit MH;propriété d'une société privée;;Le domaine a appartenu à la duchesse de La Vallière. Le bâtiment carré est percé de grandes fenêtres sans doute modifiées dès le 17e ou au 18e siècle. Une pièce de l'étage supérieur est encore entièrement constituée de pans de bois et de briques. L'ensemble des portes intérieures et des petits éléments de boiserie date du 18e siècle.;;;Centre-Val de Loire;Indre-et-Loire;Vernou-sur-Brenne;;;Vernou-sur-Brenne;37;Anciennement région de : Centre;2019-11-05;PA00098285;37270;mediatheque.patrimoine@culture.gouv.fr;16e s.;47.437195,0.839406
Maison;"Façades et toitures du corps de logis de la Grande-Rue ; façade et toiture sur rue de l'aile Nord sur la rue Traversière (cad. C 1085) : inscription par arrêté du 29 janvier 1992";1992/01/29 : inscrit MH;propriété privée;;Le cardinal de Richelieu décida de transformer le village où il était né en une ville dont les plans furent tracés par l'architecte du château, Jacques Lemercier. La ville présente un plan régulier, avec fossés, mur d'enceinte, portes monumentales, rues symétriques et maisons alignées.;;"Grande-Rue () 11 bis ; Traversière (rue) 18";Centre-Val de Loire;Indre-et-Loire;Richelieu;;"Grande-Rue 11 bis ; 18 rue Traversière";Richelieu;37;Anciennement région de : Centre;2019-04-03;PA00098308;37196;mediatheque.patrimoine@culture.gouv.fr;17e s.;47.013962,0.323935
Eglise Saint-Saturnin;Eglise Saint-Saturnin : inscription par arrêté du 11 juillet 1942;1942/07/11 : inscrit MH;propriété de la commune;;;;;Centre-Val de Loire;Loir-et-Cher;Blois;;;Blois;41;Anciennement région de : Centre;2019-04-03;PA00098344;41018;mediatheque.patrimoine@culture.gouv.fr;;47.580807,1.312396
Fontaine Saint-Nicolas;Fontaine Saint-Nicolas (non cadastré) : inscription par arrêté du 27 décembre 1946;1946/12/27 : inscrit MH;propriété de la commune;;Cette fontaine est celle des moines bénédictins de l'ancienne abbaye de Saint-Laumer. Adossée au mur de l'hôpital (ancienne abbaye de Saint-Laumer) , cette fontaine en pierre dure comprend une base, un tableau uni et une corniche. Deux bouches en bronze (tête humaine et tête de poisson) laissent couler l'eau. Trois marches descendent au bassin. Les eaux viennent du rocher par un canal aboutissant à une sorte de petit lac situé sous la rue des Degrés Saint-Nicolas.;;Saint-Nicolas (place);Centre-Val de Loire;Loir-et-Cher;Blois;;place Saint-Nicolas;Blois;41;Anciennement région de : Centre;2019-04-03;PA00098348;41018;mediatheque.patrimoine@culture.gouv.fr;17e s.;47.584342,1.329454
Tour d'Argent (ancien Hôtel des Monnaies des Comtes de Blois);Tour d'Argent (ancien Hôtel des Monnaies des Comtes de Blois) : inscription par arrêté du 13 février 1926;1926/02/13 : inscrit MH;propriété privée;;Incendiée en juin 1940 : serait démolie depuis 1942.;;Trois-Clefs (rue des);Centre-Val de Loire;Loir-et-Cher;Blois;;rue des Trois-Clefs;Blois;41;Anciennement région de : Centre;2019-04-03;PA00098393;41018;mediatheque.patrimoine@culture.gouv.fr;"13e s.;15e s.";47.586871,1.334181
Maison, dite Maison des Consuls;Maison, dite Maison des Consuls, y compris son plafond peint (cad. AB 405 à 407) : classement par arrêté du 13 janvier 1978;1978/01/13 : classé MH;propriété privée;;"En 1199, un acte de Guilhem VIII de Montpellier accorde à Pierre de Roquefixe l'autorisation de construire un château et des fortifications. Cette construction peut vraisemblablement être identifiée avec la ""maison des consuls"" et aurait donc existé dès la fin du 12e siècle. L'affectation consulaire de l'édifice, donnée par la tradition, n'a pu être confirmée par les recherches. L'édifice comporte un sous-sol voûté, une salle en rez-de-chaussée avec local annexe et un étage avec un chemin de ronde, au-dessus des remparts soutenant la façade ouest. Le plafond peint de la grande salle du deuxième niveau peut être daté approximativement de la fin du 14e siècle. Il s'agit d'un plafond à la française, mouluré, comprenant des caissons entre les solives. Les sujets présentent une alternance de scènes à personnages et de blasons.";;;Occitanie;Hérault;Saint-Pons-de-Mauchiens;;;Saint-Pons-de-Mauchiens;34;Anciennement région de : Languedoc-Roussillon;2019-11-05;PA00103705;34285;mediatheque.patrimoine@culture.gouv.fr;13e s.;43.5059,3.514257
Croix en pierre;Croix en pierre, datée de 1773, sur la place publique : inscription par arrêté du 13 juillet 1926;1926/07/13 : inscrit MH;propriété de la commune;;La croix repose sur un socle carré posé sur trois marches. La base pyramidale à plan carré est ornée, d'un côté d'un soleil, sur la face opposée d'un quartier de lune, sur la troisième face d'armoiries et sur la quatrième d'une inscription. Les angles de cette face présentent deux anges adorateurs agenouillés. Au-dessus, le long fût cannelé en granit supporte le croisillon en calcaire. Sur une face est représenté le Christ crucifié, les pieds écartés, les reins ceints d'un voile. Sur l'autre face, une Vierge de miséricorde est supportée par un petit cul de lampe arrondi.;;;Occitanie;Lozère;Born (Le);;;Le Born;48;Anciennement région de : Languedoc-Roussillon;2019-05-15;PA00103802;48029;mediatheque.patrimoine@culture.gouv.fr;18e s.;44.560897,3.560057
Croix en pierre;Croix en pierre, sur la place, au chevet de l'église : inscription par arrêté du 6 mai 1939;1939/05/06 : inscrit MH;propriété de la commune;;Croix appartenant au gothique flamboyant. Les extrémités des bras sont terminés par quatre choux très saillants. De petites arcatures nervées et évidées agrémentent l'intersection des bras. En saillie sur le profil du fût, au pied de la crucifixion, deux anges adorateurs sont à genoux. Au revers, la Vierge porte l'Enfant. Le fût et le piédestal sont modernes.;;;Occitanie;Lozère;Laval-Atger;;;Laval-Atger;48;Anciennement région de : Languedoc-Roussillon;2019-05-15;PA00103835;48084;mediatheque.patrimoine@culture.gouv.fr;16e s.;44.809084,3.683169
Immeuble;Porte sur rue (cad. A 171) : inscription par arrêté du 21 février 1973;1973/02/21 : inscrit MH;propriété privée;;Porte constituée par deux pilastres reposant sur des socles ornés d'un losange à grand axe horizontal. Ces pilastres sont unis, assez élancés et proches de l'ordre dorique. Deux pierres taillées en têtes de diamant à facettes raccordent les pilastres et le fronton triangulaire. Le fronton mouluré est brisé à sa partie supérieure pour encadrer un motif décoratif terminé par une boule. Au milieu du fronton est percée une ouverture ovale munie d'un chanfrein s'élargissant vers le haut pour permettre à plus de lumière d'éclairer l'intérieur. Le linteau est droit et monolithe. La menuiserie en chêne est la copie de celle qui existait antérieurement. Elle est à panneaux et petit cadre vers l'extérieur. Un panneau oval est placé en son centre, au milieu duquel se trouve le bouton.;;Florit (rue);Occitanie;Lozère;Malzieu-Ville (Le);;rue Florit;Le Malzieu-Ville;48;Anciennement région de : Languedoc-Roussillon;2019-05-15;PA00103841;48090;mediatheque.patrimoine@culture.gouv.fr;17e s.;44.858326,3.335582
Immeuble;"Façades et toitures ; escalier ; calade de la cour (cad. AS 304, 360) : inscription par arrêté du 9 décembre 1985";1985/12/09 : inscrit MH;propriété privée;;;;Basse (rue) 25;Occitanie;Lozère;Mende;;25 rue Basse;Mende;48;Anciennement région de : Languedoc-Roussillon;2019-05-15;PA00103865;48095;mediatheque.patrimoine@culture.gouv.fr;;44.51816,3.500306
Maison;Escalier à rampe en fer forgé : inscription par arrêté du 17 avril 1950;1950/04/17 : inscrit MH;propriété privée;;"Hôtel particulier puis imprimerie, la maison conserve des restes de fortifications dans le jardin, ainsi qu'une ancienne poterne du ""Gabion de Champnou"" par laquelle la tradition fait passer le capitaine Merle en 1580. L'édifice conserve un escalier rampe sur rampe en pierre avec rampe en fer forgé. Le limon en pierre appareillée repose sur des piliers doriques. Les rampants de l'escalier sont constitués par des voûtes d'arête.";;Basse (rue) 5;Occitanie;Lozère;Mende;;5 rue Basse;Mende;48;Anciennement région de : Languedoc-Roussillon;2019-11-05;PA00103867;48095;mediatheque.patrimoine@culture.gouv.fr;18e s.;44.518518,3.49957
Croix en pierre;Croix en pierre de 1623 : inscription par arrêté du 13 juillet 1926;1926/07/13 : inscrit MH;propriété de la commune;;La base de la croix était autrefois encastrée, pour trois faces, dans les maçonneries d'une grange et du mur de clôture d'un jardin. Les risques d'effondrement des bâtiments l'ont faite transportée sur la place de l'église en 1932. La croix est posée sur un socle gothique de section octogonale. Au centre du croisillon est portée la date de 1623.;;Eglise (place de l');Occitanie;Lozère;Sainte-Hélène;;place de l'Eglise;Sainte-Hélène;48;Anciennement région de : Languedoc-Roussillon;2019-05-15;PA00103926;48157;mediatheque.patrimoine@culture.gouv.fr;17e s.;44.519239,3.603399
Clocher de tourmente d'Auriac;"Clocher de tourmente d'Auriac, au hameau d'Auriac (cad. domaine public communal ; non cadastré) : inscription par arrêté du 17 juillet 1992";1992/07/17 : inscrit MH;propriété de la commune;;"Les clochers dits ""de tourmente"" sont limités aux franges du Mont Lozère. Construits dans des hameaux dépourvus d'églises, ces ouvrages servaient à diverses occasions : angélus, glas, appel pour l'école communale, prévention contre les orages de grêle, signal sonore à l'attention des personnes égarées par le brouillard. Ils se limitent aujourd'hui au glas et aux incendies. Ces clochers s'apparentent au type du clocher-mur à baie unique à arc plein cintre et sont dressés sur une base rectangulaire amincie vers le haut. Certains sont munis d'une petite loge pour le sonneur, ménagée dans l'épaisseur de la base. Parfois dotés d'une petite niche où prend place la statue de la Vierge ou d'un saint, ils sont tous chargés d'une croix de fer ou en pierre. Ces ouvrages sont l'oeuvre du 19e siècle.";;Hameau d'Auriac;Occitanie;Lozère;Saint-Julien-du-Tournel;;Hameau d'Auriac;Saint-Julien-du-Tournel;48;Anciennement région de : Languedoc-Roussillon;2019-05-15;PA00103945;48027;mediatheque.patrimoine@culture.gouv.fr;19e s.;44.499786,3.684304
Dolmen dit Cava de l'Alarb;Dolmen dit Cava de l'Alarb (cad. CH 162) : classement par arrêté du 3 novembre 1958;1958/11/03 : classé MH;propriété privée;;;;;Occitanie;Pyrénées-Orientales;Argelès-sur-Mer;;;Argelès-sur-Mer;66;Anciennement région de : Languedoc-Roussillon;2019-04-03;PA00103956;66008;mediatheque.patrimoine@culture.gouv.fr;Néolithique;42.543258,3.026232
Eglise Saint-Vincent;Eglise Saint-Vincent (cad. B 1176) : classement par arrêté du 28 janvier 1960;1960/01/28 : classé MH;propriété de la commune;;La plus ancienne mention de l'église figure sur une donation de la fin du 10e siècle. Donnée à l'abbaye Saint-Martin du Canigou en 1035, elle lui appartint jusqu'à la Révolution. Reconstruite sans doute par ses soins, l'église fut à nouveau consacrée en 1053. Une dernière dédicace, conséquence d'importantes transformations, eut lieu en 1213. L'édifice se compose d'une nef longée d'un bas-côté sud. Le bas-côté communique avec la nef par des arcades inégales portées par deux colonnes et par un pilier cruciforme. Il est voûté d'un demi-berceau et se termine à l'est par une absidiole creusée dans un massif, plat vers l'extérieur. Cette nef voûtée en berceau brisé se termine par une abside en hémicycle. Son pignon ouest est couronné par un clocher-mur à deux arcades. La partie des maçonneries du mur nord (formée de moellons bruts posés en arrêtes de poisson) est sans doute un vestige de la construction du 10e siècle. La consécration de 1053 peut correspondre à la construction de la nef méridionale et au percement, dans le mur séparatif, d'arcades portées par des piliers cruciformes. L'ancienne nef et son bas-côté ont été primitivement couverts de charpentes apparentes posées sur les arcs doubleaux dont les dosserets apparaissent encore au-dessus des chapiteaux. Deux colonnes semblent avoir été subsistuées aux piliers cruciformes dont le soubassement est conservé (sans doute au 13e siècle). A la consécration de 1213 correspondent la construction de l'abside principale, le parement de la fenêtre de l'absidiole et le placage qui masque l'ancienne porte du pignon ouest, ainsi que le portail sud en marbre rose. Les voûtes datent vraisemblablement de la même campagne.;;;Occitanie;Pyrénées-Orientales;Eus;;;Eus;66;Anciennement région de : Languedoc-Roussillon;2019-04-03;PA00104025;66074;mediatheque.patrimoine@culture.gouv.fr;15e s.;42.63661,2.465412
Eglise Sainte-Marie;Eglise : classement par arrêté du 8 août 1922;1922/08/08 : classé MH;propriété de la commune;;Edifice du 12e siècle comprenant une nef avec abside en cul de four, recouvert d'une voûte en berceau ogive reposant sur les murs. Un clocher carré s'élève contre la façade nord. Il comporte plusieurs étages dont deux à baies géminées avec colonnettes et chapiteaux. Il se termine par une couverture de forme pyramidale en lauzes. C'est l'un des rares exemples subsistant de couronnements de clochers romans dans la région. Un portail cantonné de deux colonnettes et encadré d'une archivolte à billettes, donne accès à la nef du côté sud. Cette nef était, à l'origine, couverte en lauzes d'ardoise.;;;Occitanie;Pyrénées-Orientales;Montferrer;;;Montferrer;66;Anciennement région de : Languedoc-Roussillon;2019-04-03;PA00104050;66116;mediatheque.patrimoine@culture.gouv.fr;;42.438708,2.575403
Hôtel de Régis;Façades et toitures sur rue et sur cour, y compris l'escalier (cad. EY 481) : inscription par arrêté du 7 février 1975;1975/02/07 : inscrit MH;propriété privée;;En 1671, l'emplacement était occupé par une maison avec porche et jardin. D'après divers détails stylistiques, il ne semble pas que l'hôtel soit antérieur au début du 18e siècle. La façade présente, au rez-de-chaussée, un portail d'entrée surmonté par une corniche et abrité sous un épais fronton circulaire. Au centre se détache un motif décoratif. Tous les linteaux, cintrés, sont décorés de consoles. Au deuxième étage, elles sont ornées de canaux et de guirlandes. Au premier, elles sont plus importantes et diversement traitées (guirlandes, personnages).;;Chapître (rue du) 14;Occitanie;Gard;Nîmes;;14 rue du Chapître;Nîmes;30;Anciennement région de : Languedoc-Roussillon;2019-11-05;PA00103099;30189;mediatheque.patrimoine@culture.gouv.fr;18e s.;43.837604,4.360956
Maison;Balcon en fer forgé du premier étage (cad. L 50) : inscription par arrêté du 19 février 1964;1964/02/19 : inscrit MH;propriété privée;;"Un plan féodal du chapitre, dressé d'après le compoix de 1671, montre que les immeubles situés entre le boulevard Gambetta et la rue de la Ferrage étaient alors de très modeste importance. A cette époque, l'actuel n°28 était occupé par trois maisons. Un regroupement immobilier a abouti, probablement entre 1760 et 1780, à la construction d'un hôtel assez important, avec terrasse sur le boulevard, sortie arrière rue de la Ferrage et façade principale ornée d'un balcon. La terrasse longe le boulevard au-dessus d'une série de boutiques. Le mur principal de façade est construit en arrière de cette terrasse. Il comporte un rez-de-chaussée surélevé, de plain-pied avec la terrasse ; un premier étage percé de cinq fenêtres et un deuxième étage avec cinq fenêtres plus petites. Le premier étage comporte, au centre, une porte-fenêtre à balcon galbé. Cette ferronnerie comporte un petit médaillon central ovale, au monogramme encadré de volutes symétriques. De part et d'autre, de longues volutes partant du pied de l'axe central, vont enrouler leurs spirales symétriquement, en dessinant un grand motif unique couvrant l'ensemble du panneau. Ces volutes sont entretoisées, alternativement, par des cercles et des losanges. Les angles arrondis du balcon correspondent à de petits panneaux cintrés dont le remplage à volutes se développe dans un encadrement simple, de façon à donner au motif spiralé une ampleur aussi grande que possible, en rapport avec celle du panneau central. Le dallage du balcon présente les mêmes ondulations que la ferronnerie.";;Gambetta (boulevard) 28;Occitanie;Gard;Nîmes;;28 boulevard Gambetta;Nîmes;30;Anciennement région de : Languedoc-Roussillon;2019-05-15;PA00103134;30189;mediatheque.patrimoine@culture.gouv.fr;18e s.;43.840325,4.360036
Eglise Saint-Martin;Eglise (cad. J 276) : inscription par arrêté du 5 août 1963;1963/08/05 : inscrit MH;propriété de la commune;;Cette église du 12e siècle se trouve aujourd'hui isolée, le centre de peuplement s'étant déplacé vers la plaine. Elle était le siège d'un prieuré qui dépendait du diocèse d'Uzès. En 1472, lorsque l'église Saint-Jean d'Alais fut érigée en collégiale, Rousson fut uni à ce nouveau chapitre. Par la suite, le prieur, désigné par le chapitre d'Alais, présentait son vicaire à la collation de l'évêque d'Uzès. La date de construction des bâtiments du prieuré (1617) se place dans la période de prospérité des revenus du prieuré. L'examen de l'ensemble des constructions fait apparaître plusieurs campagnes de construction. Au 12e siècle, construction de la nef, de l'abside centrale et des deux absidioles qui terminent le transept. La couverture de la nef a entièrement été refaite vers le début du 17e siècle, sur des doubleaux postiches qui retombent, tantôt au droit des piliers, tantôt sur les reins des grandes arcades. A cette époque, la toiture a été surélevée et refaite en tuiles canal. Les deux chapelles qui ont été ajoutées au nord et au sud de la travée du fond, sont couvertes d'ogives d'apparence moderne. La salle basse qui relie le prieuré au fond de la nef est une construction moderne. La sacristie est une adjonction du 19e siècle.;;;Occitanie;Gard;Rousson;;;Rousson;30;Anciennement région de : Languedoc-Roussillon;2019-05-15;PA00103189;30223;mediatheque.patrimoine@culture.gouv.fr;"12e s.;17e s.";44.193053,4.157092
Grotte préhistoriques de Labaume-Latrone;Grotte préhistoriques de Labaume-Latrone : classement par arrêté du 19 mai 1941;1941/05/19 : classé MH;propriété de la commune;;;;;Occitanie;Gard;Sainte-Anastasie;;;Sainte-Anastasie;30;Anciennement région de : Languedoc-Roussillon;2019-05-15;PA00103191;30228;mediatheque.patrimoine@culture.gouv.fr;"Age du bronze;Chalcolithique;Néolithique;Préhistoire";43.941811,4.332819
Domaine de Plantery;Fontaine (cad. B 652, 659) : inscription par arrêté du 5 août 1963;1963/08/05 : inscrit MH;propriété privée;;;;;Occitanie;Gard;Uzès;;;Uzès;30;Anciennement région de : Languedoc-Roussillon;2019-11-05;PA00103253;30334;mediatheque.patrimoine@culture.gouv.fr;18e s.;44.021039,4.415657
Maison;L'entrée, le sol de la cour et la tourelle d'escalier (cad. H 1625, 1623) : inscription par arrêté du 10 mars 1965;1965/03/10 : inscrit MH;propriété privée;;Plusieurs immeubles de cet îlot appartenaient au chapitre cathedral d'Agde pour être attribués comme résidences aux principaux bénéficiers. Tel est le cas de cet immeuble. La partie ancienne est limitée aux six mètres de façade au nord-ouest. La tour d'escalier se dresse à l'angle oriental de la cour qui a conservé son dallage ancien. La tourelle, qui déborde sur la cour par un quart de cercle, a ses autres parois intérieures rectangulaires. Elle contient une vis à noyau plein qui s'élève sur quatre étages au-dessus du rez-de-chaussée. Toute la construction est en lave basaltique noire. De même que la porte d'entrée de la tourelle dont l'encadrement, malgré la nature difficile de ce matériau, a été décoré de sculptures compliquées.;;Michelet (rue) 5;Occitanie;Hérault;Agde;;5 rue Michelet;Agde;34;Anciennement région de : Languedoc-Roussillon;2019-05-15;PA00103347;34003;mediatheque.patrimoine@culture.gouv.fr;17e s.;43.313401,3.469764
Ruines du moulin sur l'Hérault;Moulin sur l'Hérault (ruines) : inscription par arrêté du 15 septembre 1954;1954/09/15 : inscrit MH;propriété privée;;Une lettre particulière du pape Grégoire X à l'évêque Pierre Bérenger de Montbrun (13e siècle), félicite ce dernier de la construction des quatre moulins sur l'Hérault, établis à Agde, Bessan, Florensac et Saint-Thibéry. La construction du moulin se situe donc entre les années 1271 et 1276. Le bâtiment qui rejoint les deux constructions à éperons ne date que du 19e siècle. Le bâtiment au nord-ouest présente un plan rectangulaire prolongé vers l'amont par un triangle de quatre mètres de hauteur. La partie rectangulaire est divisée en deux parties par un grand arc brisé dont l'extrados supporte un muraillement appareillé. Le plancher disparu du premier étage reposait sur ce mur et cet arc, sur un autre mur également établi sur arc brisé, à la racine de l'éperon, et latéralement sur de puissants bandeaux en quart-de-rond. Au-dessous de ces bandeaux latéraux règnent deux arcs longitudinaux dans chacune des parois. Tous ces arcs sont brisés. Un deuxième étage est appuyé, d'une part, sur un grand arc brisé établi au-dessus du premier et, d'autre part, sur un encorbellement continu en quart-de-rond. Cet encorbellement sert également à la circulation et forme un véritable chemin de ronde qui dessert à la fois les bretèches latérales du mur de fond et les archères pratiquées dans les flancs. Un petit escalier en vis est logé contre la pointe de l'éperon. L'unique porte d'entrée est en arc brisé. De chaque côté de la porte, à une assise au-dessus du sommet de l'extrados, des corbeaux supportent une bretèche en arc brisé. A un niveau plus élevé, les côtés de cette bretèche reçoivent les retombées de deux arcs brisés. Les larges mâchicoulis ménagés en arrière de ces deux arcs brisés permettaient de défendre les approches de la porte centrale. Le deuxième bâtiment est d'apparence semblable au premier tout en présentant quelques différences dans les mensurations et dans la structure, laissant présumer que sa construction n'appartient pas à la même campagne. Il semble que l'aménagement intérieur n'ait pas été aussi poussé. La porte d'entrée est en arc brisé. Les bretèches ont disparu. A une époque plus récente, l'éperon a été surmonté d'une construction encorbelée (salle de guet) que les longues archères permettent d'attribuer au 14e siècle. La partie supérieure est visiblement moderne.;;;Occitanie;Hérault;Bessan;;;Bessan;34;Anciennement région de : Languedoc-Roussillon;2019-05-15;PA00103372;34031;mediatheque.patrimoine@culture.gouv.fr;"13e s.;19e s.";43.359201,3.416119
Maison Balat;Cheminée en pierre, au premier étage (cad. K 208) : inscription par arrêté du 24 décembre 1957;1957/12/24 : inscrit MH;propriété privée;;L'ensemble formé par les immeubles dits Baïsse et Balat paraît n'avoir formé qu'une seule construction autrefois. Les étages sont dans le même alignement, les plafonds sont semblables et les cheminées à peu près de la même époque. Il s'agissait là sans doute de la résidence d'un préposé de l'archevêque de Narbonne, seigneur de Capestang, peut-être son viguier temporel, très probablement un dignitaire du chapitre collégial. Les plafonds de Balat, contrairement à ceux de Baïsse, ne conservent pas de peintures décoratives d'origine. La cheminée, pour sa part, présente une décoration flamboyante. Les jambages sont ornés de trois séries de colonnettes à moulurations en cavet, et bases à moulurations entrecroisées. Le centre de la hotte est occupé par un motif flamboyant, très fouillé, composé d'arcatures et d'un enchevêtrement de soufflets et de mouchettes. Au centre se trouve un écu sans décor. Au-dessus, les vestiges mutilés de têtes d'anges ailés.;;;Occitanie;Hérault;Capestang;;;Capestang;34;Anciennement région de : Languedoc-Roussillon;2019-05-15;PA00103406;34052;mediatheque.patrimoine@culture.gouv.fr;"15e s.;16e s.";43.318087,3.055279
Croix de cimetière;Croix de cimetière, en marbre, de la fin du 15e siècle, dans le cimetière désaffecté cad. AB 208) : classement par arrêté du 8 juillet 1912;1912/07/08 : classé MH;propriété de la commune;;Croix cimetériale en marbre de la fin du 15e siècle. Un socle en maçonnerie est surmonté d'un bloc de granit dans lequel a été fixé un pilier octogonal en granit. Ce dernier est surmonté de la croix de forme octogonale. La tête et les deux bras se terminent en pointe de diamant encadrée dans quatre feuilles en volutes. Sur une face, représentation de la Crucifixion surmontée de l'inscription INRI. A la droite du Christ, la Vierge est représentée mains jointes et, à gauche, se trouve saint Jean drapé à la romaine. Sur l'autre face, Vierge à l'Enfant. A sa gauche se trouve le donateur tenant de sa main droite une palme qu'il semble offrir à la Vierge.;;dans le cimetière désaffecté;Occitanie;Hérault;Cébazan;;Dans le cimetière désaffecté;Cébazan;34;Anciennement région de : Languedoc-Roussillon;2019-05-15;PA00103424;34070;mediatheque.patrimoine@culture.gouv.fr;15e s.;
Eglise Saint-Pierre;Façade occidentale (cad. A 753) : inscription par arrêté du 12 juillet 1963;1963/07/12 : inscrit MH;propriété de la commune;;"Une église Saint-Pierre, située à l'emplacement du cimetière, est mentionnée dès 1096. Elle fut remplacée par un nouvel édifice en 1397, ruiné en 1573 par les Religionnaires. Une fois les troubles apaisés, les consuls décidèrent de la restaurer mais, constatant son insuffisance, ils entreprirent en 1603 la construction d'une nouvelle église au centre de la ville, à l'emplacement dit ""la Camarerie"". L'édifice ne fut achevé qu'en 1677. Dans cet état ancien, l'église présentait une tour-clocher très élevée, bâtie à gauche de l'entrée, et surmontée d'une flèche élevée. Le 7 décembre 1738, ce clocher s'effondra, entraînant la voûte avec lui et provoquant la mort de 97 victimes. Sa reconstruction fut aussitôt décidée, mais à un autre emplacement, à droite de l'entrée. Le mur de façade fut également entièrement reconstruit. Cette façade est d'ordonnance très simple : une porte axiale en plein cintre est encadrée de pilastres et surmontée, au premier étage, par une grande baie à arc surbaissé. Deux chaînes à refends marquent l'emplacement des murs longitudinaux de la nef. Le tout est couronné par un grand fronton triangulaire. Ces travaux durèrent de 1740 à 1745, et furent confiés à l'architecte Estienne Giral. L'édifice est à une nef, encadrée de chapelles latérales et se terminant par un chevet polygonal. La porte d'entrée située dans le mur du fond, est suivie d'un porche intérieur sur piliers qui sert de support à la tribune du fond.";Giral Etienne (maître de l'oeuvre);;Occitanie;Hérault;Gignac;;;Gignac;34;Anciennement région de : Languedoc-Roussillon;2019-11-05;PA00103461;34114;mediatheque.patrimoine@culture.gouv.fr;18e s.;43.654707,3.552958
Domaine du château;Ensemble du château, avec ses bâtiments annexes et ses jardins (cad. B 273, 274) : classement par arrêté du 20 octobre 1995;1995/10/20 : classé MH;propriété de la commune;;Un château féodal devait exister vraisemblablement dès le 11e siècle. Du premier château édifié en 1305 par Guillaume de Nogaret ne subsiste que le donjon carré avec sa tourelle. Construction du château Renaissance dans la seconde moitié du 16e siècle (aile Renaissance sur cour). Aile imitation Renaissance réalisée dans la deuxième moitié du 17e siècle. Orangerie, portail d'entrée, cour d'honneur et jardin du 18e siècle.;;;Occitanie;Hérault;Marsillargues;;;Marsillargues;34;Anciennement région de : Languedoc-Roussillon;2019-11-05;PA00103500;34151;mediatheque.patrimoine@culture.gouv.fr;"14e s.;16e s.;17e s.;18e s.";43.633934,4.136522
Tour;Tour (cad. E 281) : inscription par arrêté du 21 mars 1960;1960/03/21 : inscrit MH;propriété privée;;"Isolée de toutes parts, cette tour carrée représenterait le seul vestige de l'ancien château de Montady. Mais aucune amorce de mur ne permet de la relier à de possibles autres éléments, ce qui permet plutôt d'admettre qu'elle était également isolée autrefois et se trouvait être un ouvrage isolé de l'ancien ""castrum"". Le castrum de Montadino est mentionné à partir de 1097 ; celui de Montaditi en 1134. Cette seigneurie dépendait alors, en partie, du seigneur de Capestang. La noble famille de Séguier, de Narbonne, posséda la moitié de cette seigneurie du 12e au 14e siècle. En 1389, il y avait trois cosseigneurs. En 1643, Charles de Thézan, baron de Saint-Géniez, vendit sa part de la seigneurie au chapitre de Saint-Nazaire de Béziers. La tour se dresse au point culminant d'un promontoire rocheux, face à l'oppidum d'Ensérune. Elle s'élève de deux étages voûtés en berceau plein cintre. Il n'y a pas d'escaliers. L'accès se faisait par échelles grâce à des ouvertures ménagées dans les voûtes. La porte basse n'est pas ancienne. Le haut conserve les traces d'un ancien crénelage, souligné par une rangée de trous de boulins à la base des merlons. La partie supérieure a donc été reprise ultérieurement, de sorte que la tour est actuellement plus haute qu'à l'origine. Comme autres moyens défensifs, on trouve quelques archères.";;;Occitanie;Hérault;Montady;;;Montady;34;Anciennement région de : Languedoc-Roussillon;2019-05-15;PA00103511;34161;mediatheque.patrimoine@culture.gouv.fr;12e s.;43.335676,3.13151
Hôtel de l'Epine;"Façade avec cabochons et balcons en fer forgé ; porte en pierre : inscription par arrêté du 9 septembre 1933";1933/09/09 : inscrit MH;propriété privée;;;;Victor-Hugo (rue) 9;Occitanie;Hérault;Pézenas;;9 rue Victor-Hugo;Pézenas;34;Anciennement région de : Languedoc-Roussillon;2019-05-15;PA00103640;34199;mediatheque.patrimoine@culture.gouv.fr;"17e s.;18e s.";43.458788,3.424374
Eglise Saint-Laurent et Notre-Dame;Eglise : classement par liste de 1840;1840 : classé MH;propriété de la commune;;;;;Centre-Val de Loire;Indre;Gargilesse-Dampierre;;;Gargilesse-Dampierre;36;Anciennement commune de : Gargilesse. Anciennement région de : Centre;2019-10-16;PA00097352;36081;mediatheque.patrimoine@culture.gouv.fr;11e s.;46.508827,1.585089
Vestiges archéologiques situés sous et aux abords du musée archéologique d'Argentomagus;Vestiges archéologiques situés sous et aux abords du musée archéologique d'Argentomagus (cad. D 95, 101, 102, 2362, 1696) : inscription par arrêté du 5 avril 1990;1990/04/05 : inscrit MH;"propriété de l'Etat ; propriété de la commune";;;;;Centre-Val de Loire;Indre;Saint-Marcel;;;Saint-Marcel;36;Anciennement région de : Centre;2019-05-15;PA00097492;36200;mediatheque.patrimoine@culture.gouv.fr;;46.603344,1.512399
Maison du 16e siècle dite de Rabelais;Maison (cad. AS 1133) : inscription par arrêté du 28 mai 1926;1926/05/28 : inscrit MH;propriété privée;;Cette maison en pierre a été défigurée par sa transformation en magasin dans les années 1970, et restaurée depuis.;;"Rabelais (rue) 2 ; Lamproie (rue de la) 2";Centre-Val de Loire;Indre-et-Loire;Chinon;;"2 rue Rabelais ; 2 rue de la Lamproie";Chinon;37;Anciennement région de : Centre;2019-04-03;PA00097677;37072;mediatheque.patrimoine@culture.gouv.fr;16e s.;47.166024,0.241261
Maison du 16e siècle (ancienne maison du Bailli);Maison du 16s (ancienne maison du Bailli) : inscription par arrêté du 29 décembre 1927;1927/12/29 : inscrit MH;propriété privée;;;;"Georges-Clemenceau (place) ; anciennement Grand-Place";Centre-Val de Loire;Loir-et-Cher;Montoire-sur-le-Loir;;"place Georges-Clemenceau ; anciennement Grand-Place";Montoire-sur-le-Loir;41;Anciennement région de : Centre;2019-04-03;PA00098510;41149;mediatheque.patrimoine@culture.gouv.fr;16e s.;47.752833,0.861459
Voie gallo-romaine dite voie de Jules César ou chemin de Chartres (également sur communes de Verdes, Membrolles et La Colombe);Voie gallo-romaine dite voie de Jules César : classement par arrêté du 6 septembre 1978;1978/09/06 : classé MH;propriété de la commune;;;;;Centre-Val de Loire;Loir-et-Cher;Semerville;;;Semerville;41;Oeuvre située en partie sur les communes : Verdes, Membrolles, Colombe (La). Anciennement région de : Centre;2019-04-03;PA00098604;41244;mediatheque.patrimoine@culture.gouv.fr;Gallo-romain;47.935333,1.379358
Immeuble;Immeuble : inscription par arrêté du 31 octobre 1940;1940/10/31 : inscrit MH;propriété privée;;Maison certainement construite entièrement en bois, le premier étage étant en encorbellement. Le n°4 possède un second étage sans doute postérieur.;;Renarderie (rue de la) 4, 6;Centre-Val de Loire;Loir-et-Cher;Vendôme;;4, 6 rue de la Renarderie;Vendôme;41;Anciennement région de : Centre;2019-04-03;PA00098638;41269;mediatheque.patrimoine@culture.gouv.fr;"15e s.;16e s.";47.791021,1.066409
Château de Dunois, actuellement Musée de l'Orléanais;"Le château (à l'exclusion des parties classées) (cad. F4 1041) : inscription par arrêté du 16 juillet 1925 - Le pavillon carré du 16e siècle donnant sur la place de la Barrière ; la tourelle d'escalier hexagonale dans la cour avec les bâtiments en aile à gauche et à droite ; la petite tourelle circulaire contenant l'oratoire du Cardinal de Longueville ; l'ancienne chapelle dans l'aile droite (cad. F4 1041) : classement par arrêté du 18 août 1926";"1925/07/16 : inscrit MH ; 1926/08/18 : classé MH";propriété d'une société privée;;Château acheté par Jean Dunois, compagnon de Jeanne d'Arc, en 1422. Sur la place, pavillon carré du 16e siècle. Dans la cour, tourelle hexagonale d'escalier du 15e siècle et bâtiments en ailes de chaque côté. Petite tourelle circulaire sur la fae opposée à l'escalier, contenant l'oratoire du cardinal de Longueville, dit oratoire de Jeanne d'Arc. L'ancienne chapelle castrale est située dans l'aile de droite.;;Dunois (place);Centre-Val de Loire;Loiret;Beaugency;;place Dunois;Beaugency;45;Anciennement région de : Centre;2019-12-26;PA00098690;45028;mediatheque.patrimoine@culture.gouv.fr;"15e s.;16e s.";47.777525,1.633462
Eglise Notre-Dame;Eglise Notre-Dame (cad. F4 1042) : classement par liste de 1862;1862 : classé MH;propriété de la commune;;Ancienne abbatiale construite au 12e siècle et restaurée en 1642. Voûtes en bois du 17e siècle, achevées en 1684 et composées selon la disposition des croisées d'ogives, hormis le déambulatoire (voûtes d'arêtes) et les chapelles absidiales (cul de four). Au-dessus des archivoltes du rond-point s'ouvre un triforium. La chapelle Sainte-Anne a été rajoutée en 1874-76 sur les plans de l'architecte René Dusserre. Le vitrail est de Lobin.;Dusserre René (architecte);Dunois (place);Centre-Val de Loire;Loiret;Beaugency;;place Dunois;Beaugency;45;Anciennement région de : Centre;2019-12-13;PA00098691;45028;mediatheque.patrimoine@culture.gouv.fr;;47.777525,1.633462
Groupe d'habitations en pans de bois;Groupe d'habitations en pans de bois, au Sud-Est de l'église Saint-Michel : inscription par arrêté du 18 octobre 1941;1941/10/18 : inscrit MH;propriété privée;;;;Saint-Michel (rue) 15, 27, 29, 31, 124, 125;Centre-Val de Loire;Loiret;Ferté-Saint-Aubin (La);;15, 27, 29, 31, 124, 125 rue Saint-Michel;La Ferté-Saint-Aubin;45;Anciennement région de : Centre;2019-05-15;PA00098778;45146;mediatheque.patrimoine@culture.gouv.fr;;47.724891,1.941886
Maison du 15e siècle;Façade et toiture : inscription par arrêté du 22 août 1949;1949/08/22 : inscrit MH;propriété privée;;Maison construite sur la ceinture d'anciens remparts. Le deuxième étage est à pan de bois et torchis, à encorbellement. Toiture en tuiles plates.;;Bridolle (place de la);Nouvelle-Aquitaine;Corrèze;Beaulieu-sur-Dordogne;;place de la Bridolle;Beaulieu-sur-Dordogne;19;Anciennement région de : Limousin;2019-05-15;PA00099675;19019;mediatheque.patrimoine@culture.gouv.fr;"15e s.;18e s.";44.979384,1.837715
Porte aux armes de la ville;Porte aux armes de la ville : inscription par arrêté du 22 août 1949;1949/08/22 : inscrit MH;propriété privée;;Porte en ogive, moulurée, base gothique. Clé sculptée aux armes de la ville.;;;Nouvelle-Aquitaine;Corrèze;Beaulieu-sur-Dordogne;;;Beaulieu-sur-Dordogne;19;Anciennement région de : Limousin;2019-05-15;PA00099681;19019;mediatheque.patrimoine@culture.gouv.fr;14e s.;44.994872,1.829917
Immeuble dit Leygonie;"Façades et toitures ; escalier intérieur avec ses galeries ; deux cheminées au premier étage et deux au second étage. (cad. BL 83) : inscription par arrêté du 30 mars 1979";1979/03/30 : inscrit MH;propriété d'une société privée;;Immeuble caractéristique du 16e siècle, en particulier par sa façade aux baies moulurées, son escalier droit aux galeries superposées, ses cheminées aux jambages et à la hotte moulurés. Au bâtiment de plan trapézoïdal s'ajoute une construction rectangulaire accolée à la façade nord, abritant l'escalier.;;Petite-Place (rue de la) 13;Nouvelle-Aquitaine;Corrèze;Brive-la-Gaillarde;;13 rue de la Petite-Place;Brive-la-Gaillarde;19;Anciennement région de : Limousin;2019-05-15;PA00099693;19031;mediatheque.patrimoine@culture.gouv.fr;16e s.;45.159108,1.534175
Sanctuaire gallo-romain;Sanctuaire gallo-romain comportant notamment trois temples (cad. A 831) : classement par arrêté du 19 décembre 1984;1984/12/19 : classé MH;propriété privée;;;;;Nouvelle-Aquitaine;Corrèze;Margerides;;;Margerides;19;Anciennement région de : Limousin;2019-05-15;PA00099798;19128;mediatheque.patrimoine@culture.gouv.fr;Gallo-romain;45.459741,2.436486
Laiterie de Madame (ancienne);Laiterie de Madame (ancienne) : classement par arrêté du 1er août 1957;1957/08/01 : classé MH;propriété privée;;;;Paris (avenue de) 57;Île-de-France;Yvelines;Versailles;;57 avenue de Paris;Versailles;78;;2019-05-15;PA00087755;78646;mediatheque.patrimoine@culture.gouv.fr;;48.799412,2.142048
Hôtel particulier appelé maison La Colette ou hôtel de Schonen;La maison (cad. T 516) : inscription par arrêté du 16 juin 1965;1965/06/16 : inscrit MH;propriété privée;;;;Saint-Louis (rue) 20;Île-de-France;Yvelines;Versailles;;20 rue Saint-Louis;Versailles;78;;2019-11-05;PA00087761;78646;mediatheque.patrimoine@culture.gouv.fr;18e s.;48.795099,2.125344
Château de Grand'Maison;"Façades et toitures ; petit salon et grand salon bleu avec leur décor (cad. A 84) : inscription par arrêté du 9 juillet 1970";1970/07/09 : inscrit MH;propriété privée;;;LEROUX J.B. (maître de l'oeuvre);;Île-de-France;Yvelines;Villepreux;;;Villepreux;78;;2019-11-05;PA00087783;78674;mediatheque.patrimoine@culture.gouv.fr;"18e s.;19e s.";48.830157,2.011714
Domaine des Tourelles;"Façades et toitures de la maison de maître et des deux pavillons du domaine ; restes du portail sur rue entre les deux pavillons (cad. A 732, 735) : inscription par arrêté du 7 septembre 1977";1977/09/07 : inscrit MH;propriété privée;;;;Courtanesse (rue);Île-de-France;Essonne;Boissy-sous-Saint-Yon;;rue Courtanesse;Boissy-sous-Saint-Yon;91;;2019-11-05;PA00087821;91085;mediatheque.patrimoine@culture.gouv.fr;16e s.;48.559476,2.207305
Menhirs de la propriété Talma, dits la femme et la fille de Loth;Menhirs de la propriété Talma, dits la femme et la fille de Loth (cad. D 309, 311) : classement par liste de 1889;1889 : classé MH;propriété de la commune;;;;;Île-de-France;Essonne;Brunoy;;;Brunoy;91;;2019-05-15;PA00087837;91114;mediatheque.patrimoine@culture.gouv.fr;Néolithique;48.695621,2.506084
Eglise Saint-Etienne;Eglise : classement par arrêté du 25 mars 1930;1930/03/25 : classé MH;propriété de la commune;;Clocher roman de l'an 1100. Remaniement des voûtes des bas-côtés du choeur à la fin du 13e siècle. Entre le 17e et le 19e siècle, dégâts causés par les explosions de la poudrerie royale proche.;;;Île-de-France;Essonne;Corbeil-Essonnes;;;Corbeil-Essonnes;91;;2019-11-05;PA00087864;91174;mediatheque.patrimoine@culture.gouv.fr;;48.598165,2.462691
Eglise Saint-Gervais Saint-Protais;Clocher : inscription par arrêté du 6 juillet 1925;1925/07/06 : inscrit MH;propriété de la commune;;;;Saint-Gervais (rue);Île-de-France;Essonne;Courdimanche-sur-Essonne;;;Courdimanche-sur-Essonne;91;;2019-05-15;PA00087875;91184;mediatheque.patrimoine@culture.gouv.fr;"12e s.;18e s.";48.419442,2.361085
Hôtel-Dieu, actuellement centre hospitalier;"Portail sur la rue de la République ; façades et toitures des bâtiments sur la première et la deuxième cour (sauf constructions du 20s) ; chapelle et sacristie ; deux escaliers du 18s ; décors intérieurs des pièces suivantes de l'aile de la communauté : rez-de-chaussée : actuel bureau du directeur ; actuelle entrée avec son bureau contigü, ancienne chapelle ; premier étage : ancienne salle du chapître (cad. AN 402) : inscription par arrêté du 1er juin 1988";1988/06/01 : inscrit MH;propriété de la commune;;;;République (rue de la) 37;Île-de-France;Essonne;Etampes;;37 rue de la République;Etampes;91;;2019-11-05;PA00087897;91223;mediatheque.patrimoine@culture.gouv.fr;"17e s.;18e s.";48.433037,2.167421
Maison dite de Diane de Poitiers;"Maison : inscription par arrêté du 10 mai 1926 ; Porte Renaissance dans la cour intérieure (autrefois entrée de l'ancien musée) : inscription par arrêté du 19 mai 1939";"1926/05/10 : inscrit MH ; 1939/05/19 : inscrit MH";propriété privée;;;;Sainte-Croix (rue) 4;Île-de-France;Essonne;Etampes;;4 rue Sainte-Croix;Etampes;91;;2019-05-15;PA00087900;91223;mediatheque.patrimoine@culture.gouv.fr;;48.435658,2.161053
Croix-autel;Croix-autel : inscription par arrêté du 13 avril 1933;1933/04/13 : inscrit MH;propriété de la commune;;;;Grande-Rue ();Île-de-France;Essonne;Juvisy-sur-Orge;;Grande-Rue;Juvisy-sur-Orge;91;;2019-05-15;PA00087928;91326;mediatheque.patrimoine@culture.gouv.fr;18e s.;48.688977,2.376324
Eglise Sainte-Marie-Madeleine;Clocher et travée de bas-coté joignant le pignon au chevet : classement par arrêté du 13 septembre 1920;1920/09/13 : classé MH;propriété de la commune;;;;;Île-de-France;Essonne;Massy;;;Massy;91;;2019-11-05;PA00087949;91377;mediatheque.patrimoine@culture.gouv.fr;13e s.;48.728461,2.269556
Maison à tourelles;La façade sur rue et la toiture correspondante (cad. AI 572) : inscription par arrêté du 12 mars 1969;1969/03/12 : inscrit MH;propriété privée;;;;Lau (rue du) 11bis;Île-de-France;Essonne;Milly-la-Forêt;;11bis rue du Lau;Milly-la-Forêt;91;;2019-11-05;PA00087960;91405;mediatheque.patrimoine@culture.gouv.fr;;48.402381,2.465671
Eglise Notre-Dame;Eglise Notre-Dame : inscription par arrêté du 27 août 1953;1953/08/27 : inscrit MH;propriété de la commune;;;;;Île-de-France;Essonne;Sermaise;;;Sermaise;91;;2019-05-15;PA00088018;91593;mediatheque.patrimoine@culture.gouv.fr;;48.527078,2.086457
Eglise (ancienne);Vestiges : inscription par arrêté du 17 avril 1931;1931/04/17 : inscrit MH;propriété privée;;;;;Île-de-France;Essonne;Souzy-la-Briche;;;Souzy-la-Briche;91;;2019-11-05;PA00088020;91602;mediatheque.patrimoine@culture.gouv.fr;15e s.;48.528017,2.157188
Bornes n° 11 et 12 à bonnet phrygien;Bornes n° 11 et 12 à bonnet phrygien : inscription par arrêté du 22 mars 1934;1934/03/22 : inscrit MH;;;;;Sur la route de Corbeil à Versailles;Île-de-France;Essonne;Viry-Châtillon;;Sur la route de Corbeil à Versailles;Viry-Châtillon;91;;2019-05-15;PA00088044;91687;mediatheque.patrimoine@culture.gouv.fr;;48.676461,2.364997
Immeuble, actuellement institut Saint-Clément;Le nymphée, l'orangerie avec son mur de soutènement et son parterre (cad. AB 82) : classement par arrêté du 22 mars 1983;1983/03/22 : classé MH;propriété de la commune;;;;Maurice-Sabatier (rue) 21;Île-de-France;Essonne;Viry-Châtillon;;21 rue Maurice-Sabatier;Viry-Châtillon;91;;2019-11-05;PA00088046;91687;mediatheque.patrimoine@culture.gouv.fr;"17e s.;19e s.";48.670072,2.37511
Domaine de Baville (également sur commune de Saint-Chéron);Domaine de Baville (cad. A 1185) : inscription par arrêté du 22 octobre 1990;1990/10/22 : inscrit MH;propriété privée;;;;;Île-de-France;Essonne;Breux-Jouy;;;Breux-Jouy;91;Oeuvre sur plusieurs communes : SAINT CHERON;2019-05-15;PA00088054;91106;mediatheque.patrimoine@culture.gouv.fr;17e s.;48.554673,2.163653
Manufacture royale de cire (ancienne);Bas-relief représentant une ruche encastrée dans le mur : inscription par arrêté du 10 avril 1929;1929/04/10 : inscrit MH;propriété d'une association;;;;Bois-de-Verrières (avenue du) 14;Île-de-France;Hauts-de-Seine;Antony;;14 avenue du Bois-de-Verrières;Antony;92;;2019-05-15;PA00088060;92002;mediatheque.patrimoine@culture.gouv.fr;18e s.;48.755107,2.295101
